id,revenue
3001,1.0
3002,1600000.0
3003,1.0
3004,7500000.0
3005,1672730.0
3006,1.0
3007,1.0
3008,58405313.0
3009,13620075.0
3010,161626121.0
3011,390659.0
3012,1.0
3013,34725000.0
3014,1984662.0
3015,132675402.0
3016,1.0
3017,87416021.0
3018,268426634.0
3019,1.0
3020,1025491110.0
3021,29359216.0
3022,67192859.0
3023,1.0
3024,93282604.0
3025,1.0
3026,43650785.0
3027,340312.0
3028,300400432.0
3029,5330000.0
3030,63215872.0
3031,2801508.0
3032,282358.0
3033,1.0
3034,1750211.0
3035,1.0
3036,26414658.0
3037,72179579.0
3038,45742101.0
3039,12000000.0
3040,1.0
3041,9584131.0
3042,1.0
3043,368744044.0
3044,1305195.0
3045,258022233.0
3046,1.0
3047,1.0
3048,29536299.0
3049,1.0
3050,179000.0
3051,1.0
3052,1969193.0
3053,1.0
3054,1.0
3055,224511319.0
3056,1.0
3057,87528173.0
3058,559852396.0
3059,1.0
3060,8342132.0
3061,154864401.0
3062,1.0
3063,46201432.0
3064,40002112.0
3065,17432163.0
3066,151161491.0
3067,1.0
3068,67192859.0
3069,163794509.0
3070,1.0
3071,72266306.0
3072,300257475.0
3073,1.0
3074,1.0
3075,96060858.0
3076,176070171.0
3077,100659.0
3078,79700000.0
3079,34100000.0
3080,224803475.0
3081,253527.0
3082,1.0
3083,23367586.0
3084,1.0
3085,43528634.0
3086,55707411.0
3087,1.0
3088,1.0
3089,34659.0
3090,147880543.0
3091,103173635.0
3092,1.0
3093,152930623.0
3094,102000000.0
3095,67918658.0
3096,6000000.0
3097,102000000.0
3098,13865435.0
3099,244527583.0
3100,1.0
3101,1.0
3102,500000.0
3103,1.0
3104,1.0
3105,288500217.0
3106,39459427.0
3107,72417394.0
3108,100523181.0
3109,1.0
3110,374218673.0
3111,310000000.0
3112,1.0
3113,148868835.0
3114,16554699.0
3115,10000000.0
3116,5206.0
3117,1.0
3118,1.0
3119,167977596.0
3120,102000000.0
3121,1.0
3122,3566225.0
3123,3515061.0
3124,1.0
3125,1.0
3126,1675706.0
3127,1.0
3128,4634062.0
3129,50451307.0
3130,254700832.0
3131,1.0
3132,10000000.0
3133,1.0
3134,1.0
3135,1.0
3136,13835130.0
3137,15071514.0
3138,7022209.0
3139,57096190.0
3140,72179579.0
3141,3769990.0
3142,1.0
3143,161025640.0
3144,62000000.0
3145,1.0
3146,4905000.0
3147,2697930.0
3148,1.0
3149,56714147.0
3150,73174566.0
3151,216166.0
3152,12000000.0
3153,1.0
3154,48027970.0
3155,66000000.0
3156,615816.0
3157,52604.0
3158,36779296.0
3159,1.0
3160,22179430.0
3161,1.0
3162,1.0
3163,68411275.0
3164,8000000.0
3165,1.0
3166,1.0
3167,28258060.0
3168,1.0
3169,1.0
3170,696681.0
3171,1.0
3172,68729358.0
3173,11125849.0
3174,1.0
3175,1.0
3176,3696232.0
3177,180622424.0
3178,9800000.0
3179,9318.0
3180,1.0
3181,1007962.0
3182,95000000.0
3183,53191886.0
3184,44196684.0
3185,162000000.0
3186,27200316.0
3187,1.0
3188,21026290.0
3189,56070433.0
3190,52604.0
3191,48126384.0
3192,1.0
3193,100076342.0
3194,102825796.0
3195,1.0
3196,1.0
3197,1.0
3198,75715436.0
3199,100086793.0
3200,3148182.0
3201,1.0
3202,10000000.0
3203,1.0
3204,1.0
3205,1.0
3206,20045115.0
3207,56422687.0
3208,10000000.0
3209,615816.0
3210,431971116.0
3211,1.0
3212,152500343.0
3213,146497771.0
3214,6000000.0
3215,9800000.0
3216,52882018.0
3217,544272402.0
3218,1.0
3219,603943.0
3220,55707411.0
3221,21107746.0
3222,1.0
3223,1.0
3224,1.0
3225,500000.0
3226,3003.0
3227,27053815.0
3228,266728738.0
3229,102000000.0
3230,37170057.0
3231,187674.0
3232,10000000.0
3233,1914166.0
3234,444098.0
3235,1.0
3236,500000.0
3237,12000000.0
3238,26096852.0
3239,1.0
3240,470490832.0
3241,1.0
3242,1.0
3243,1.0
3244,1.0
3245,500000.0
3246,121463226.0
3247,81705746.0
3248,22034832.0
3249,53208180.0
3250,186053725.0
3251,1.0
3252,5923044.0
3253,68572378.0
3254,1.0
3255,486937.0
3256,34786960.0
3257,12534961.0
3258,1.0
3259,135000000.0
3260,75143.0
3261,337580051.0
3262,57891803.0
3263,1.0
3264,1.0
3265,1.0
3266,1.0
3267,30471.0
3268,1.0
3269,57330873.0
3270,86369815.0
3271,1.0
3272,121463226.0
3273,2807854.0
3274,886686817.0
3275,8262833.0
3276,1.0
3277,4069090.0
3278,52034889.0
3279,1.0
3280,585349010.0
3281,1.0
3282,500000.0
3283,258022233.0
3284,34967437.0
3285,19829957.0
3286,1.0
3287,1.0
3288,18704595.0
3289,875386.0
3290,60527873.0
3291,7936012.0
3292,156974557.0
3293,44350926.0
3294,5206.0
3295,44349000.0
3296,140021.0
3297,10000000.0
3298,58620973.0
3299,6000000.0
3300,15520023.0
3301,1.0
3302,1.0
3303,1.0
3304,16093651.0
3305,24922237.0
3306,9138338.0
3307,27793200.0
3308,22471595.0
3309,1.0
3310,9318.0
3311,1.0
3312,1.0
3313,39340177.0
3314,1.0
3315,8342132.0
3316,123384128.0
3317,1.0
3318,1.0
3319,1.0
3320,593683.0
3321,44703995.0
3322,1.0
3323,102000000.0
3324,1759252.0
3325,100020092.0
3326,54249294.0
3327,23057115.0
3328,2405420.0
3329,13865435.0
3330,218613188.0
3331,1.0
3332,100000000.0
3333,161626121.0
3334,72266306.0
3335,62022014.0
3336,2697930.0
3337,1.0
3338,7242035.0
3339,1.0
3340,355237933.0
3341,500000.0
3342,12000000.0
3343,60527873.0
3344,71904.0
3345,1.0
3346,23057115.0
3347,1.0
3348,36779296.0
3349,29359216.0
3350,89456761.0
3351,15400000.0
3352,63463.0
3353,109676311.0
3354,230069.0
3355,1.0
3356,4627375.0
3357,1.0
3358,1492523.0
3359,17432163.0
3360,1.0
3361,262797249.0
3362,2807390.0
3363,2450846.0
3364,10000000.0
3365,71904.0
3366,113006880.0
3367,41819064.0
3368,1.0
3369,73244881.0
3370,5844868.0
3371,129000000.0
3372,14418922.0
3373,35856053.0
3374,4905000.0
3375,170128460.0
3376,16863583.0
3377,1.0
3378,11000000.0
3379,177841558.0
3380,21126225.0
3381,1.0
3382,1.0
3383,1.0
3384,132675402.0
3385,96618699.0
3386,1.0
3387,27187375.0
3388,154937680.0
3389,531865000.0
3390,1.0
3391,31609243.0
3392,1.0
3393,6147.0
3394,262797249.0
3395,3484331.0
3396,1.0
3397,500000.0
3398,226497209.0
3399,188441614.0
3400,75143.0
3401,8262833.0
3402,1.0
3403,106260000.0
3404,1.0
3405,30127963.0
3406,78382433.0
3407,403170142.0
3408,14010832.0
3409,10652498.0
3410,41627431.0
3411,85167639.0
3412,24902723.0
3413,95000000.0
3414,1.0
3415,6000000.0
3416,1258000.0
3417,85167639.0
3418,589304.0
3419,544272402.0
3420,589244.0
3421,7993039.0
3422,1.0
3423,378858340.0
3424,1.0
3425,10000000.0
3426,1.0
3427,40903593.0
3428,486937.0
3429,10000000.0
3430,1004558444.0
3431,1.0
3432,9800000.0
3433,120000.0
3434,500000.0
3435,77628265.0
3436,103891409.0
3437,1.0
3438,13865435.0
3439,21126225.0
3440,100491683.0
3441,112343513.0
3442,1.0
3443,1954937.0
3444,1.0
3445,147880543.0
3446,1.0
3447,1.0
3448,12000000.0
3449,6000000.0
3450,44352417.0
3451,12000000.0
3452,40105542.0
3453,12355798.0
3454,29359216.0
3455,16324573.0
3456,95404397.0
3457,185898.0
3458,216166.0
3459,758539785.0
3460,1646788.0
3461,1.0
3462,117629.0
3463,30199105.0
3464,486937.0
3465,9069.0
3466,41382841.0
3467,1.0
3468,153518974.0
3469,1.0
3470,1.0
3471,34725000.0
3472,86362372.0
3473,36160375.0
3474,16757163.0
3475,276572938.0
3476,1.0
3477,18928871.0
3478,1.0
3479,149044513.0
3480,25345000.0
3481,2437000.0
3482,696681.0
3483,1.0
3484,1.0
3485,28921264.0
3486,147845033.0
3487,88923251.0
3488,87404651.0
3489,1.0
3490,28000000.0
3491,125400.0
3492,7600000.0
3493,24902723.0
3494,1.0
3495,84601681.0
3496,1.0
3497,24362772.0
3498,9697739.0
3499,15369573.0
3500,1.0
3501,58620973.0
3502,10011050.0
3503,10000000.0
3504,95000000.0
3505,500000.0
3506,38172500.0
3507,102000000.0
3508,1.0
3509,1.0
3510,4069090.0
3511,57881056.0
3512,190320568.0
3513,5332926.0
3514,573335.0
3515,32392047.0
3516,1.0
3517,400062763.0
3518,43848069.0
3519,1.0
3520,1.0
3521,1.0
3522,21107746.0
3523,1.0
3524,44350926.0
3525,162000000.0
3526,1.0
3527,1.0
3528,14782676.0
3529,331957105.0
3530,285176741.0
3531,75993061.0
3532,20211394.0
3533,14166853.0
3534,72266306.0
3535,162000000.0
3536,10759.0
3537,9450897.0
3538,50244700.0
3539,163670000.0
3540,41627431.0
3541,10000000.0
3542,8247943.0
3543,1.0
3544,100000000.0
3545,6341855.0
3546,1.0
3547,473226958.0
3548,350170057.0
3549,500000.0
3550,694713380.0
3551,159773545.0
3552,19054534.0
3553,15119639.0
3554,161626121.0
3555,218613188.0
3556,14051384.0
3557,235483004.0
3558,68514844.0
3559,22921898.0
3560,1.0
3561,42930462.0
3562,25900.0
3563,14363400.0
3564,1.0
3565,6000000.0
3566,13865435.0
3567,4630045.0
3568,764083.0
3569,217022588.0
3570,1.0
3571,23619609.0
3572,631442092.0
3573,1.0
3574,43928932.0
3575,48126384.0
3576,150816700.0
3577,1.0
3578,3916303.0
3579,51684798.0
3580,1.0
3581,7500000.0
3582,102825796.0
3583,500000.0
3584,45742101.0
3585,30551495.0
3586,209696.0
3587,1.0
3588,11122090.0
3589,14016568.0
3590,1.0
3591,305875730.0
3592,1.0
3593,1.0
3594,1.0
3595,19158074.0
3596,194647323.0
3597,1.0
3598,10589102.0
3599,17654912.0
3600,500000.0
3601,1.0
3602,4905000.0
3603,74918.0
3604,3338228.0
3605,76514050.0
3606,1.0
3607,36606743.0
3608,926287400.0
3609,1.0
3610,2642983.0
3611,1.0
3612,500000.0
3613,1.0
3614,57881056.0
3615,186702.0
3616,1.0
3617,113783.0
3618,29907685.0
3619,1.0
3620,355237933.0
3621,655011224.0
3622,154026136.0
3623,14567883.0
3624,1.0
3625,1.0
3626,129042871.0
3627,117760134.0
3628,871368364.0
3629,30658387.0
3630,1.0
3631,162000000.0
3632,1.0
3633,57120318.0
3634,1.0
3635,5731103.0
3636,29536299.0
3637,72266306.0
3638,100659.0
3639,926287400.0
3640,258022233.0
3641,1.0
3642,1.0
3643,7936012.0
3644,10000000.0
3645,29536299.0
3646,22490039.0
3647,356830601.0
3648,5731103.0
3649,41158757.0
3650,52604.0
3651,435000000.0
3652,1.0
3653,141047179.0
3654,1.0
3655,12000000.0
3656,1.0
3657,1.0
3658,1.0
3659,173965010.0
3660,660940780.0
3661,8303261.0
3662,63833449.0
3663,119269486.0
3664,1.0
3665,1.0
3666,4159678.0
3667,97437106.0
3668,20211394.0
3669,1246141.0
3670,60427839.0
3671,1.0
3672,1.0
3673,142400065.0
3674,70136369.0
3675,653428261.0
3676,212000000.0
3677,8000000.0
3678,1759252.0
3679,50159144.0
3680,7500000.0
3681,28350000.0
3682,102000000.0
3683,9250000.0
3684,212000000.0
3685,89456761.0
3686,2850000.0
3687,311312624.0
3688,1.0
3689,1.0
3690,87528173.0
3691,22159216.0
3692,1.0
3693,82150642.0
3694,21126225.0
3695,86234523.0
3696,26279000.0
3697,47175038.0
3698,17280326.0
3699,31576.0
3700,1.0
3701,86234523.0
3702,900000.0
3703,53208180.0
3704,14166853.0
3705,19829957.0
3706,52970014.0
3707,24600832.0
3708,40485039.0
3709,258022233.0
3710,1.0
3711,1.0
3712,23510601.0
3713,20342161.0
3714,1750211.0
3715,54600000.0
3716,1851517.0
3717,1.0
3718,1.0
3719,7237794.0
3720,1.0
3721,43719.0
3722,18552460.0
3723,1.0
3724,40485039.0
3725,1.0
3726,29400000.0
3727,169852759.0
3728,1060056.0
3729,62882090.0
3730,51680201.0
3731,36754634.0
3732,1.0
3733,252712101.0
3734,300257475.0
3735,68572378.0
3736,58978653.0
3737,1.0
3738,1268793.0
3739,40084041.0
3740,9318.0
3741,110879513.0
3742,138259062.0
3743,12250.0
3744,219417255.0
3745,23057115.0
3746,162000000.0
3747,25000.0
3748,12118661.0
3749,1.0
3750,1.0
3751,10000000.0
3752,5923044.0
3753,1.0
3754,25739015.0
3755,80936232.0
3756,1.0
3757,102000000.0
3758,320170008.0
3759,2070806.0
3760,67631903.0
3761,1831348.0
3762,333011068.0
3763,36894225.0
3764,34100000.0
3765,1.0
3766,40940662.0
3767,50244700.0
3768,6000000.0
3769,1.0
3770,1.0
3771,18599102.0
3772,1.0
3773,80000000.0
3774,28215918.0
3775,78309131.0
3776,152022101.0
3777,4800080.0
3778,1.0
3779,1.0
3780,1.0
3781,19829957.0
3782,1600000.0
3783,23937870.0
3784,500000.0
3785,350170057.0
3786,37799643.0
3787,7103973.0
3788,362637473.0
3789,1.0
3790,1.0
3791,56298474.0
3792,1.0
3793,1.0
3794,29010817.0
3795,470490832.0
3796,10000000.0
3797,18591272.0
3798,125212904.0
3799,1.0
3800,209696.0
3801,64350171.0
3802,1.0
3803,7339398.0
3804,1.0
3805,1.0
3806,12000000.0
3807,1.0
3808,11125849.0
3809,41205099.0
3810,1.0
3811,1.0
3812,44566.0
3813,101236.0
3814,1.0
3815,117760134.0
3816,77920346.0
3817,49797148.0
3818,151161491.0
3819,2450846.0
3820,46216641.0
3821,66486080.0
3822,12000000.0
3823,72179579.0
3824,10000000.0
3825,1.0
3826,40346186.0
3827,660940780.0
3828,444098.0
3829,1.0
3830,80936232.0
3831,1.0
3832,162000000.0
3833,10541523.0
3834,1.0
3835,15014674.0
3836,32392047.0
3837,121463226.0
3838,3305592.0
3839,1.0
3840,147934180.0
3841,8000000.0
3842,10013424.0
3843,12000000.0
3844,1.0
3845,193355800.0
3846,1.0
3847,1.0
3848,1.0
3849,107196498.0
3850,120000.0
3851,382174.0
3852,78874843.0
3853,92374674.0
3854,1.0
3855,1.0
3856,1.0
3857,372234864.0
3858,1.0
3859,1.0
3860,11293663.0
3861,8303261.0
3862,10013424.0
3863,35743308.0
3864,227799884.0
3865,49100000.0
3866,70136369.0
3867,225990978.0
3868,2801508.0
3869,74558115.0
3870,10959475.0
3871,305875730.0
3872,3358.0
3873,187674.0
3874,1.0
3875,11373501.0
3876,176153.0
3877,39673161.0
3878,8888143.0
3879,258022233.0
3880,36800000.0
3881,1.0
3882,1.0
3883,16324573.0
3884,151493655.0
3885,21026290.0
3886,1831348.0
3887,58510.0
3888,6000000.0
3889,1.0
3890,352194034.0
3891,16675000.0
3892,1.0
3893,448000000.0
3894,29907685.0
3895,44065653.0
3896,6916869.0
3897,1.0
3898,71368.0
3899,331926147.0
3900,6000000.0
3901,176153.0
3902,1.0
3903,1.0
3904,10000000.0
3905,8203235.0
3906,60427839.0
3907,1.0
3908,1.0
3909,8000000.0
3910,7339398.0
3911,10750000.0
3912,43528634.0
3913,26250020.0
3914,598645.0
3915,288500217.0
3916,1.0
3917,1.0
3918,14000.0
3919,23619609.0
3920,28744356.0
3921,1.0
3922,117760134.0
3923,8352885.0
3924,3193102.0
3925,142337240.0
3926,1.0
3927,77477008.0
3928,159330280.0
3929,27200316.0
3930,1.0
3931,32726956.0
3932,1.0
3933,48065672.0
3934,58795814.0
3935,1.0
3936,1.0
3937,93375151.0
3938,39846344.0
3939,52293982.0
3940,6000000.0
3941,12250.0
3942,177238796.0
3943,1028570889.0
3944,1.0
3945,40105542.0
3946,1.0
3947,82150642.0
3948,6000000.0
3949,1.0
3950,1.0
3951,499168.0
3952,24188922.0
3953,11466088.0
3954,448000000.0
3955,1.0
3956,149295601.0
3957,1.0
3958,22000000.0
3959,20256975.0
3960,1.0
3961,15400000.0
3962,1.0
3963,28451622.0
3964,459359555.0
3965,218613188.0
3966,129042871.0
3967,431971116.0
3968,2405420.0
3969,1.0
3970,2033165.0
3971,72778712.0
3972,1.0
3973,7237794.0
3974,1.0
3975,55583804.0
3976,320170008.0
3977,105178561.0
3978,102000000.0
3979,1.0
3980,1.0
3981,64110728.0
3982,500000.0
3983,52882018.0
3984,28931401.0
3985,1.0
3986,102000000.0
3987,12342632.0
3988,153083102.0
3989,85300000.0
3990,34533783.0
3991,1.0
3992,1.0
3993,20455276.0
3994,23619609.0
3995,56489558.0
3996,59389433.0
3997,566736.0
3998,79958599.0
3999,1.0
4000,10959475.0
4001,3376375.0
4002,102000000.0
4003,1.0
4004,27122040.0
4005,5330000.0
4006,39300000.0
4007,1.0
4008,116019547.0
4009,30658387.0
4010,1.0
4011,100523181.0
4012,262797249.0
4013,88545092.0
4014,1.0
4015,28258060.0
4016,4634062.0
4017,3878993.0
4018,77477008.0
4019,161626121.0
4020,1.0
4021,50451307.0
4022,1.0
4023,56702901.0
4024,1.0
4025,1.0
4026,185438673.0
4027,1345903.0
4028,6000000.0
4029,1.0
4030,22896728.0
4031,102000000.0
4032,1.0
4033,1.0
4034,1.0
4035,29359216.0
4036,1.0
4037,1.0
4038,52425855.0
4039,1.0
4040,2826523.0
4041,1.0
4042,29657751.0
4043,6000000.0
4044,91636986.0
4045,22456509.0
4046,30553394.0
4047,209154322.0
4048,6341684.0
4049,1.0
4050,1.0
4051,836297228.0
4052,18130000.0
4053,609524.0
4054,572809.0
4055,163169.0
4056,3485127.0
4057,1.0
4058,500000.0
4059,14016568.0
4060,18195610.0
4061,14051384.0
4062,15400000.0
4063,4159678.0
4064,300257475.0
4065,18626419.0
4066,1.0
4067,11293663.0
4068,1.0
4069,8200000.0
4070,2506446.0
4071,1.0
4072,1.0
4073,86234523.0
4074,500000.0
4075,8750000.0
4076,356296601.0
4077,102000000.0
4078,6101046.0
4079,38502340.0
4080,1.0
4081,1.0
4082,98159963.0
4083,21486757.0
4084,1.0
4085,56298474.0
4086,207515725.0
4087,16810383.0
4088,108286421.0
4089,50888000.0
4090,6000000.0
4091,120455994.0
4092,5669831.0
4093,147880543.0
4094,596000.0
4095,309457509.0
4096,1.0
4097,146497771.0
4098,73180723.0
4099,4270000.0
4100,156822020.0
4101,174999005.0
4102,5809330.0
4103,19829957.0
4104,1.0
4105,1.0
4106,1.0
4107,1.0
4108,432274.0
4109,1.0
4110,98410061.0
4111,11806119.0
4112,17092453.0
4113,9318.0
4114,320170008.0
4115,60611975.0
4116,52970014.0
4117,6000000.0
4118,59209.0
4119,126248813.0
4120,1.0
4121,3338228.0
4122,78382433.0
4123,1.0
4124,101646581.0
4125,14418922.0
4126,12036149.0
4127,1.0
4128,1.0
4129,1.0
4130,1.0
4131,876688482.0
4132,161834276.0
4133,57588485.0
4134,13865435.0
4135,19829957.0
4136,72178895.0
4137,7500000.0
4138,21170563.0
4139,15369573.0
4140,21930418.0
4141,500000.0
4142,81705746.0
4143,180622424.0
4144,2750275.0
4145,368744044.0
4146,5923044.0
4147,1.0
4148,100523181.0
4149,6000000.0
4150,1.0
4151,1.0
4152,12000000.0
4153,2850263.0
4154,63463.0
4155,49002684.0
4156,3600000.0
4157,7338987.0
4158,66000000.0
4159,10589102.0
4160,157107755.0
4161,1.0
4162,116019547.0
4163,42792561.0
4164,52882018.0
4165,1.0
4166,1.0
4167,153518974.0
4168,9318.0
4169,1.0
4170,1.0
4171,243240178.0
4172,355237933.0
4173,185898.0
4174,4905000.0
4175,639000.0
4176,2119994.0
4177,1.0
4178,373062864.0
4179,1.0
4180,68514844.0
4181,110879513.0
4182,18492362.0
4183,109449237.0
4184,102272727.0
4185,70136369.0
4186,1.0
4187,49797148.0
4188,84565230.0
4189,1.0
4190,1.0
4191,1.0
4192,8000000.0
4193,400062763.0
4194,102000000.0
4195,1.0
4196,1.0
4197,31899000.0
4198,376597.0
4199,45431.0
4200,79700000.0
4201,86175291.0
4202,102000000.0
4203,3764219.0
4204,68729358.0
4205,1.0
4206,908847.0
4207,102000000.0
4208,350170057.0
4209,81272766.0
4210,102000000.0
4211,30857814.0
4212,350170057.0
4213,24793509.0
4214,10409377.0
4215,1.0
4216,16000000.0
4217,1.0
4218,78247647.0
4219,19158074.0
4220,21133087.0
4221,1.0
4222,1.0
4223,124827316.0
4224,1.0
4225,110996879.0
4226,50244700.0
4227,6341684.0
4228,1.0
4229,102000000.0
4230,210819611.0
4231,10364904.0
4232,1.0
4233,28258060.0
4234,12008642.0
4235,1.0
4236,1.0
4237,216614388.0
4238,100491683.0
4239,178051587.0
4240,121214377.0
4241,15000000.0
4242,1750211.0
4243,1.0
4244,113244290.0
4245,1.0
4246,1.0
4247,38505009.0
4248,2357852.0
4249,178051587.0
4250,3696232.0
4251,1.0
4252,176070171.0
4253,42886719.0
4254,21032267.0
4255,20455276.0
4256,133718711.0
4257,309492681.0
4258,84772742.0
4259,1.0
4260,56702901.0
4261,18750246.0
4262,973525.0
4263,10409377.0
4264,305875730.0
4265,1.0
4266,1.0
4267,14418922.0
4268,2826523.0
4269,615816.0
4270,448000000.0
4271,170128460.0
4272,1.0
4273,1.0
4274,125212904.0
4275,1.0
4276,17096053.0
4277,21000000.0
4278,1.0
4279,1631839.0
4280,1.0
4281,1.0
4282,1.0
4283,1.0
4284,10000000.0
4285,1.0
4286,786636033.0
4287,2119994.0
4288,23057115.0
4289,102000000.0
4290,219076518.0
4291,1.0
4292,1.0
4293,18948425.0
4294,44000000.0
4295,218613188.0
4296,32556119.0
4297,1.0
4298,1.0
4299,5255.0
4300,22200000.0
4301,1.0
4302,1.0
4303,9318.0
4304,44196684.0
4305,589304.0
4306,37930465.0
4307,1.0
4308,1.0
4309,351583407.0
4310,1.0
4311,1.0
4312,875386.0
4313,382174.0
4314,1.0
4315,73762516.0
4316,10017322.0
4317,1.0
4318,47175038.0
4319,1.0
4320,1.0
4321,85167639.0
4322,5129058.0
4323,340312.0
4324,1.0
4325,2400000.0
4326,1.0
4327,26570463.0
4328,1.0
4329,1.0
4330,350170057.0
4331,65497208.0
4332,46216641.0
4333,1.0
4334,56714147.0
4335,254134910.0
4336,36400360.0
4337,1.0
4338,268426634.0
4339,63781810.0
4340,60641.0
4341,28215918.0
4342,10000000.0
4343,39673161.0
4344,3600000.0
4345,1.0
4346,86369815.0
4347,160638883.0
4348,1.0
4349,102000000.0
4350,63463.0
4351,357852395.0
4352,486937.0
4353,107196498.0
4354,46152411.0
4355,807535.0
4356,1.0
4357,19800000.0
4358,7659918.0
4359,5129058.0
4360,22034832.0
4361,74608570.0
4362,500000.0
4363,147934180.0
4364,14051384.0
4365,1.0
4366,85306374.0
4367,10000000.0
4368,196781193.0
4369,72527595.0
4370,51070807.0
4371,6000000.0
4372,88923251.0
4373,1.0
4374,255273813.0
4375,1.0
4376,1.0
4377,1.0
4378,1600000.0
4379,29700000.0
4380,116400000.0
4381,105200903.0
4382,164508066.0
4383,72178895.0
4384,19158074.0
4385,1.0
4386,102000000.0
4387,72778712.0
4388,20079850.0
4389,242295562.0
4390,500000.0
4391,500000.0
4392,218613188.0
4393,10000000.0
4394,23875127.0
4395,1.0
4396,152427960.0
4397,1.0
4398,170877916.0
4399,32788.0
4400,49002684.0
4401,1.0
4402,10000000.0
4403,36606743.0
4404,72527595.0
4405,9800000.0
4406,1.0
4407,846704.0
4408,1.0
4409,1.0
4410,6491240.0
4411,10736401.0
4412,13395939.0
4413,15704614.0
4414,1.0
4415,1.0
4416,1.0
4417,152427960.0
4418,1.0
4419,104399548.0
4420,616801808.0
4421,18591272.0
4422,1.0
4423,1.0
4424,1.0
4425,9250000.0
4426,1.0
4427,187674.0
4428,60722734.0
4429,5129058.0
4430,1.0
4431,500000.0
4432,161025640.0
4433,167977596.0
4434,419651413.0
4435,10000000.0
4436,2801508.0
4437,1.0
4438,1.0
4439,28215918.0
4440,9318.0
4441,4634062.0
4442,6000000.0
4443,1.0
4444,1.0
4445,16757163.0
4446,1.0
4447,224803475.0
4448,1.0
4449,1.0
4450,196482882.0
4451,95311434.0
4452,34967437.0
4453,1.0
4454,1.0
4455,1.0
4456,17218080.0
4457,1449945.0
4458,1.0
4459,50888000.0
4460,1.0
4461,11087569.0
4462,34100000.0
4463,10759.0
4464,25480490.0
4465,87000000.0
4466,1.0
4467,1296184.0
4468,1.0
4469,12008642.0
4470,68729358.0
4471,1.0
4472,102000000.0
4473,1.0
4474,1.0
4475,29456000.0
4476,1.0
4477,46201432.0
4478,9713500.0
4479,2594000.0
4480,29000000.0
4481,5330000.0
4482,1.0
4483,2891288.0
4484,1.0
4485,136150434.0
4486,25900.0
4487,55635037.0
4488,102000000.0
4489,19265302.0
4490,1.0
4491,48093211.0
4492,20560255.0
4493,1.0
4494,3338228.0
4495,2033165.0
4496,110996879.0
4497,1.0
4498,15400000.0
4499,1.0
4500,68106245.0
4501,355237933.0
4502,11122090.0
4503,431971116.0
4504,1.0
4505,1.0
4506,71561644.0
4507,5967038.0
4508,43528634.0
4509,1.0
4510,12000000.0
4511,441809770.0
4512,1.0
4513,39340177.0
4514,12534961.0
4515,448000000.0
4516,4400000.0
4517,57330873.0
4518,532950503.0
4519,38159905.0
4520,37170057.0
4521,141195658.0
4522,90426405.0
4523,3485127.0
4524,1.0
4525,1.0
4526,1.0
4527,17096053.0
4528,1.0
4529,1.0
4530,78874843.0
4531,712294.0
4532,13308.0
4533,25442939.0
4534,49000000.0
4535,330444045.0
4536,143000.0
4537,10000000.0
4538,10903846.0
4539,1.0
4540,68106245.0
4541,12308521.0
4542,2119994.0
4543,28000000.0
4544,1.0
4545,1.0
4546,1.0
4547,4905000.0
4548,1.0
4549,500000.0
4550,1.0
4551,1028570889.0
4552,92991835.0
4553,61548707.0
4554,102000000.0
4555,1.0
4556,183293131.0
4557,1.0
4558,4491986.0
4559,3721911.0
4560,93617009.0
4561,100523181.0
4562,1.0
4563,7191399.0
4564,34659.0
4565,1.0
4566,3533227.0
4567,7191399.0
4568,1.0
4569,36642838.0
4570,49084830.0
4571,24793509.0
4572,970816.0
4573,18599102.0
4574,1.0
4575,1.0
4576,20342161.0
4577,1.0
4578,270000000.0
4579,1.0
4580,3769990.0
4581,34533783.0
4582,287553595.0
4583,102000000.0
4584,1.0
4585,161025640.0
4586,1.0
4587,1.0
4588,208076205.0
4589,1.0
4590,1021103568.0
4591,16980098.0
4592,1.0
4593,1179676.0
4594,9584131.0
4595,226497209.0
4596,378858340.0
4597,27200000.0
4598,374111707.0
4599,6000000.0
4600,1.0
4601,791830.0
4602,389503.0
4603,72179579.0
4604,25196249.0
4605,297138014.0
4606,102000000.0
4607,42333295.0
4608,1.0
4609,9216.0
4610,142400065.0
4611,7339398.0
4612,1759252.0
4613,123384128.0
4614,1.0
4615,230069.0
4616,13129846.0
4617,40346186.0
4618,1.0
4619,7600000.0
4620,44566.0
4621,11087569.0
4622,1.0
4623,10000000.0
4624,1.0
4625,10000000.0
4626,5967038.0
4627,26279000.0
4628,1.0
4629,1.0
4630,72266306.0
4631,35763605.0
4632,16324573.0
4633,1.0
4634,1.0
4635,1.0
4636,60527873.0
4637,1.0
4638,28215918.0
4639,2228115.0
4640,318982.0
4641,161789.0
4642,15369573.0
4643,78382433.0
4644,31584901.0
4645,1.0
4646,880674609.0
4647,1.0
4648,1.0
4649,107196498.0
4650,24362772.0
4651,11657385.0
4652,309492681.0
4653,1.0
4654,15134293.0
4655,152022101.0
4656,6341684.0
4657,1.0
4658,2357852.0
4659,1.0
4660,8000000.0
4661,22179430.0
4662,1.0
4663,1.0
4664,7306.0
4665,12000000.0
4666,32204030.0
4667,68349884.0
4668,1.0
4669,1.0
4670,7070330.0
4671,32000.0
4672,1.0
4673,25605015.0
4674,6000000.0
4675,82703.0
4676,1.0
4677,1.0
4678,49000000.0
4679,1.0
4680,1.0
4681,19800000.0
4682,1.0
4683,1.0
4684,1.0
4685,8352885.0
4686,8349430.0
4687,14418922.0
4688,190320568.0
4689,1.0
4690,1.0
4691,18803648.0
4692,1.0
4693,56825.0
4694,1.0
4695,57915972.0
4696,1.0
4697,11466088.0
4698,1.0
4699,16002420.0
4700,68514844.0
4701,93820758.0
4702,52425855.0
4703,56825.0
4704,1238080.0
4705,12036149.0
4706,26250020.0
4707,66468332.0
4708,11122090.0
4709,1.0
4710,1023784195.0
4711,55635037.0
4712,44566.0
4713,470490832.0
4714,3721911.0
4715,1.0
4716,1.0
4717,57469467.0
4718,2450846.0
4719,92374674.0
4720,1.0
4721,7993039.0
4722,27200316.0
4723,150277.0
4724,374111707.0
4725,8203235.0
4726,1.0
4727,11540607.0
4728,17768012.0
4729,55495563.0
4730,1.0
4731,21786738.0
4732,500188435.0
4733,1.0
4734,177238796.0
4735,14051384.0
4736,1.0
4737,2642983.0
4738,1.0
4739,27610873.0
4740,284139100.0
4741,1.0
4742,62788218.0
4743,1.0
4744,1.0
4745,230685453.0
4746,15478800.0
4747,52604.0
4748,210819611.0
4749,29251596.0
4750,1.0
4751,81272766.0
4752,1.0
4753,58853106.0
4754,586090727.0
4755,1.0
4756,115350426.0
4757,631442092.0
4758,73762516.0
4759,350170057.0
4760,1.0
4761,908847.0
4762,1.0
4763,1.0
4764,1023784195.0
4765,42365581.0
4766,441809770.0
4767,93617009.0
4768,63833449.0
4769,2042530.0
4770,176070171.0
4771,18564088.0
4772,11122090.0
4773,61548707.0
4774,1.0
4775,1.0
4776,4905000.0
4777,177238796.0
4778,160638883.0
4779,1.0
4780,203427584.0
4781,1.0
4782,49100000.0
4783,48572000.0
4784,7659918.0
4785,1044824.0
4786,23619609.0
4787,88058786.0
4788,31609243.0
4789,6000000.0
4790,351583407.0
4791,1.0
4792,1.0
4793,6000000.0
4794,1.0
4795,1.0
4796,9012000.0
4797,958400000.0
4798,156822020.0
4799,1.0
4800,16757163.0
4801,32000.0
4802,20529194.0
4803,834332.0
4804,1.0
4805,1.0
4806,2402459.0
4807,1.0
4808,1.0
4809,109676311.0
4810,1.0
4811,1.0
4812,16671505.0
4813,156167015.0
4814,1.0
4815,32392047.0
4816,770706.0
4817,10000000.0
4818,113244290.0
4819,4400000.0
4820,212000000.0
4821,1.0
4822,1.0
4823,1.0
4824,9237470.0
4825,11582891.0
4826,1.0
4827,17508518.0
4828,12000000.0
4829,1969193.0
4830,148868835.0
4831,129042871.0
4832,20566327.0
4833,4905000.0
4834,1.0
4835,296557.0
4836,1.0
4837,77920346.0
4838,16656125.0
4839,1.0
4840,694713380.0
4841,1.0
4842,28931401.0
4843,154937680.0
4844,1672730.0
4845,10032765.0
4846,1.0
4847,102000000.0
4848,35856053.0
4849,91188905.0
4850,1.0
4851,1.0
4852,779820.0
4853,7191399.0
4854,1.0
4855,86234523.0
4856,1.0
4857,12355798.0
4858,21126225.0
4859,1.0
4860,586090727.0
4861,262797249.0
4862,80936232.0
4863,102000000.0
4864,17380126.0
4865,72179579.0
4866,1.0
4867,102000000.0
4868,9318.0
4869,3358.0
4870,31063038.0
4871,50244700.0
4872,1.0
4873,28215918.0
4874,29907685.0
4875,1.0
4876,48814909.0
4877,19265302.0
4878,1.0
4879,17280326.0
4880,76286096.0
4881,1.0
4882,33889159.0
4883,92991835.0
4884,105178561.0
4885,1.0
4886,46.0
4887,1.0
4888,1.0
4889,1.0
4890,12000000.0
4891,1.0
4892,3193102.0
4893,10011050.0
4894,7011317.0
4895,1.0
4896,7022209.0
4897,49084830.0
4898,77920346.0
4899,4634062.0
4900,631442092.0
4901,21170563.0
4902,56825.0
4903,1.0
4904,102000000.0
4905,1749457.0
4906,1.0
4907,958400000.0
4908,135000000.0
4909,85416905.0
4910,10229331.0
4911,13865435.0
4912,50451307.0
4913,30471420.0
4914,53208180.0
4915,55583804.0
4916,1.0
4917,18130000.0
4918,164433867.0
4919,12434778.0
4920,13551174.0
4921,51070807.0
4922,1.0
4923,1.0
4924,147934180.0
4925,161025640.0
4926,1.0
4927,15179302.0
4928,44703995.0
4929,1.0
4930,1.0
4931,51029361.0
4932,1.0
4933,155545279.0
4934,1.0
4935,836297228.0
4936,1.0
4937,1.0
4938,1.0
4939,1.0
4940,1.0
4941,68696770.0
4942,1.0
4943,60527873.0
4944,31148328.0
4945,1.0
4946,5967038.0
4947,1984662.0
4948,1.0
4949,265452.0
4950,183316455.0
4951,41895491.0
4952,88923251.0
4953,105610124.0
4954,72417394.0
4955,1.0
4956,1.0
4957,39673161.0
4958,213954274.0
4959,12000000.0
4960,10000000.0
4961,93525586.0
4962,1.0
4963,68369434.0
4964,1.0
4965,1.0
4966,13276953.0
4967,21126225.0
4968,14683921.0
4969,1.0
4970,1.0
4971,73762516.0
4972,530048.0
4973,1332231.0
4974,352194034.0
4975,1.0
4976,973525.0
4977,42886719.0
4978,1.0
4979,19472057.0
4980,46069568.0
4981,1.0
4982,55707411.0
4983,1.0
4984,12000000.0
4985,876688482.0
4986,500000.0
4987,1.0
4988,64110728.0
4989,11341016.0
4990,1.0
4991,2970.0
4992,108539911.0
4993,1.0
4994,92374674.0
4995,1.0
4996,7070330.0
4997,17280326.0
4998,615816.0
4999,51680201.0
5000,161626121.0
5001,188133322.0
5002,355237933.0
5003,470654000.0
5004,32721635.0
5005,443684.0
5006,350170057.0
5007,270000000.0
5008,694713380.0
5009,10016934.0
5010,14723313.0
5011,28883511.0
5012,164000000.0
5013,1.0
5014,18704595.0
5015,1.0
5016,161834276.0
5017,31899000.0
5018,28215918.0
5019,192452832.0
5020,1.0
5021,1.0
5022,28451622.0
5023,1.0
5024,288752301.0
5025,1.0
5026,117698894.0
5027,10959475.0
5028,123384128.0
5029,176070171.0
5030,102272727.0
5031,846704.0
5032,278731369.0
5033,10000000.0
5034,16980098.0
5035,1.0
5036,11540607.0
5037,46201432.0
5038,245623848.0
5039,1.0
5040,48418160.0
5041,26096852.0
5042,1.0
5043,32204030.0
5044,142337240.0
5045,1.0
5046,3166000.0
5047,22000000.0
5048,1.0
5049,57881056.0
5050,1600000.0
5051,694713380.0
5052,152930623.0
5053,23510601.0
5054,25035950.0
5055,10013424.0
5056,1.0
5057,1.0
5058,183316455.0
5059,276921998.0
5060,34808403.0
5061,46089287.0
5062,1.0
5063,1.0
5064,48814909.0
5065,11122090.0
5066,2459895.0
5067,970816.0
5068,9012000.0
5069,105610124.0
5070,1.0
5071,95000000.0
5072,40263020.0
5073,1.0
5074,16000000.0
5075,85300000.0
5076,270000000.0
5077,196482882.0
5078,1.0
5079,10409377.0
5080,57881056.0
5081,79958599.0
5082,21133087.0
5083,150000000.0
5084,3900000.0
5085,45431.0
5086,6000000.0
5087,6341684.0
5088,1.0
5089,1.0
5090,204940.0
5091,593683.0
5092,12000000.0
5093,180622424.0
5094,73276047.0
5095,473226958.0
5096,23367586.0
5097,1.0
5098,1.0
5099,26589000.0
5100,1.0
5101,1.0
5102,1.0
5103,4601043.0
5104,23083334.0
5105,1.0
5106,500000.0
5107,1.0
5108,125586134.0
5109,1.0
5110,1.0
5111,212000000.0
5112,11411644.0
5113,1.0
5114,9700000.0
5115,389503.0
5116,1.0
5117,154937680.0
5118,7400000.0
5119,500000.0
5120,1.0
5121,40346186.0
5122,32726956.0
5123,1.0
5124,123509.0
5125,18535191.0
5126,10000000.0
5127,16829545.0
5128,486937.0
5129,500000.0
5130,92374674.0
5131,18803648.0
5132,1037335.0
5133,191185897.0
5134,313542341.0
5135,108000000.0
5136,1.0
5137,278300000.0
5138,34786960.0
5139,116643346.0
5140,16374328.0
5141,611899420.0
5142,91188905.0
5143,44332015.0
5144,10589102.0
5145,639000.0
5146,1.0
5147,6892098.0
5148,17096053.0
5149,1.0
5150,305875730.0
5151,448000000.0
5152,30353232.0
5153,1.0
5154,15379253.0
5155,500000.0
5156,403170142.0
5157,4635300.0
5158,19595031.0
5159,48814909.0
5160,296557.0
5161,49000000.0
5162,37279439.0
5163,14010690.0
5164,111300.0
5165,67192859.0
5166,14010690.0
5167,10000000.0
5168,1.0
5169,1.0
5170,1600000.0
5171,102000000.0
5172,8000000.0
5173,127600435.0
5174,73174566.0
5175,59612888.0
5176,11403529.0
5177,333000000.0
5178,102000000.0
5179,1.0
5180,40940662.0
5181,1.0
5182,25182929.0
5183,38135878.0
5184,16000000.0
5185,1.0
5186,1.0
5187,16324573.0
5188,1.0
5189,50244700.0
5190,49554002.0
5191,1.0
5192,171963386.0
5193,136766062.0
5194,60427839.0
5195,66976317.0
5196,64256513.0
5197,2861020.0
5198,35294470.0
5199,19595031.0
5200,9012000.0
5201,25345000.0
5202,1.0
5203,22000000.0
5204,1.0
5205,66000000.0
5206,6491240.0
5207,1.0
5208,56825.0
5209,50068310.0
5210,2642983.0
5211,14418922.0
5212,16000000.0
5213,46201432.0
5214,1.0
5215,1.0
5216,10409377.0
5217,1.0
5218,2826523.0
5219,58510.0
5220,93282604.0
5221,1.0
5222,1.0
5223,9400000.0
5224,1.0
5225,1.0
5226,10126458.0
5227,1.0
5228,9237470.0
5229,36754634.0
5230,1.0
5231,34659.0
5232,1.0
5233,1.0
5234,10736401.0
5235,70067909.0
5236,68514844.0
5237,86658558.0
5238,11806119.0
5239,78054825.0
5240,1246141.0
5241,3721911.0
5242,30658387.0
5243,10750000.0
5244,91753202.0
5245,1.0
5246,1.0
5247,41627431.0
5248,1.0
5249,56422687.0
5250,337580051.0
5251,1.0
5252,1.0
5253,26414658.0
5254,1.0
5255,12000000.0
5256,10785801.0
5257,1.0
5258,1.0
5259,9450897.0
5260,1.0
5261,67642693.0
5262,38574362.0
5263,22159216.0
5264,300000.0
5265,1.0
5266,2033165.0
5267,500000.0
5268,6000000.0
5269,56714147.0
5270,11657385.0
5271,9318.0
5272,6614280.0
5273,1.0
5274,791830.0
5275,1.0
5276,1.0
5277,18492362.0
5278,73180723.0
5279,17280326.0
5280,1.0
5281,41382841.0
5282,2437000.0
5283,1.0
5284,1.0
5285,2054941.0
5286,1.0
5287,1.0
5288,1.0
5289,12000000.0
5290,78309131.0
5291,374218673.0
5292,424208848.0
5293,149044513.0
5294,1.0
5295,128388320.0
5296,2070806.0
5297,3324330.0
5298,124914842.0
5299,6000000.0
5300,1.0
5301,53086.0
5302,90426405.0
5303,1.0
5304,10000000.0
5305,589244.0
5306,20455276.0
5307,250288523.0
5308,56825.0
5309,1600000.0
5310,20915465.0
5311,15992615.0
5312,195745823.0
5313,415440673.0
5314,48902953.0
5315,1.0
5316,6856989.0
5317,1.0
5318,1.0
5319,500000.0
5320,52882018.0
5321,76514050.0
5322,1.0
5323,129540499.0
5324,908847.0
5325,764083.0
5326,52425855.0
5327,92374674.0
5328,10409377.0
5329,11176469.0
5330,288500217.0
5331,1.0
5332,1.0
5333,28000000.0
5334,505000000.0
5335,2620000.0
5336,10000000.0
5337,1.0
5338,12000000.0
5339,13865435.0
5340,1.0
5341,13395939.0
5342,250288523.0
5343,209696.0
5344,159773545.0
5345,1.0
5346,23875127.0
5347,1.0
5348,19985196.0
5349,105097.0
5350,1.0
5351,30353232.0
5352,572809.0
5353,875386.0
5354,9697739.0
5355,355237933.0
5356,1.0
5357,1.0
5358,1492523.0
5359,16209459.0
5360,7266209.0
5361,1.0
5362,8000000.0
5363,19265302.0
5364,193355800.0
5365,89460381.0
5366,89456761.0
5367,8434146.0
5368,17280326.0
5369,72178895.0
5370,28931401.0
5371,19179969.0
5372,786636033.0
5373,573335.0
5374,210819611.0
5375,173965010.0
5376,162000000.0
5377,60427839.0
5378,1.0
5379,9138338.0
5380,351583407.0
5381,87416021.0
5382,60740827.0
5383,609524.0
5384,116643346.0
5385,77745568.0
5386,1.0
5387,22896728.0
5388,660940780.0
5389,1.0
5390,1.0
5391,5669831.0
5392,1.0
5393,1.0
5394,12036149.0
5395,1.0
5396,356830601.0
5397,368744044.0
5398,41637263.0
5399,1.0
5400,1.0
5401,62000000.0
5402,129115.0
5403,6000000.0
5404,1.0
5405,67192859.0
5406,44566.0
5407,102000000.0
5408,400062763.0
5409,34808403.0
5410,2697930.0
5411,56489558.0
5412,1.0
5413,1.0
5414,97552050.0
5415,112343513.0
5416,3721911.0
5417,124827316.0
5418,1.0
5419,1.0
5420,16633035.0
5421,205703818.0
5422,55495563.0
5423,102000000.0
5424,152368585.0
5425,12000000.0
5426,62000000.0
5427,1.0
5428,376597.0
5429,411006740.0
5430,29762011.0
5431,65497208.0
5432,12000000.0
5433,1404.0
5434,117719158.0
5435,1.0
5436,75993061.0
5437,17280326.0
5438,33456317.0
5439,13129846.0
5440,791830.0
5441,1600000.0
5442,188133322.0
5443,95673607.0
5444,41597830.0
5445,163670000.0
5446,66002004.0
5447,9713500.0
5448,12000000.0
5449,124827316.0
5450,1.0
5451,6174491.0
5452,1.0
5453,202026112.0
5454,56714147.0
5455,185438673.0
5456,15427192.0
5457,69307224.0
5458,1.0
5459,1.0
5460,220151.0
5461,1.0
5462,416498.0
5463,748806957.0
5464,249905.0
5465,16002420.0
5466,12000000.0
5467,88923251.0
5468,102000000.0
5469,1.0
5470,373062864.0
5471,107196498.0
5472,140795793.0
5473,10000000.0
5474,91000000.0
5475,12303411.0
5476,109502303.0
5477,28215918.0
5478,10000000.0
5479,2154540.0
5480,42365581.0
5481,1.0
5482,443684.0
5483,9114264.0
5484,28931401.0
5485,9318.0
5486,1.0
5487,77628265.0
5488,21126225.0
5489,160583018.0
5490,1.0
5491,10000000.0
5492,18130000.0
5493,9800000.0
5494,1.0
5495,56422687.0
5496,5206.0
5497,27500000.0
5498,1.0
5499,97552050.0
5500,7011317.0
5501,1.0
5502,1.0
5503,77516304.0
5504,6000000.0
5505,1.0
5506,52034889.0
5507,60273173.0
5508,264118201.0
5509,73648228.0
5510,14016568.0
5511,10000000.0
5512,92374674.0
5513,1600000.0
5514,67642693.0
5515,21133087.0
5516,1.0
5517,820580447.0
5518,7936012.0
5519,159330280.0
5520,589244.0
5521,7070330.0
5522,1.0
5523,49554002.0
5524,170877916.0
5525,8459458.0
5526,22433275.0
5527,500000.0
5528,40263020.0
5529,1.0
5530,544272402.0
5531,1.0
5532,1.0
5533,29907685.0
5534,609123048.0
5535,16000000.0
5536,1.0
5537,840000.0
5538,4635300.0
5539,161626121.0
5540,13835130.0
5541,177841558.0
5542,1.0
5543,346592.0
5544,21133087.0
5545,1.0
5546,1.0
5547,1.0
5548,10000000.0
5549,36160375.0
5550,12303411.0
5551,62882090.0
5552,130786397.0
5553,36400360.0
5554,1.0
5555,23000.0
5556,560069.0
5557,10013424.0
5558,117831631.0
5559,1.0
5560,1.0
5561,22896728.0
5562,58795814.0
5563,1.0
5564,23859.0
5565,3003.0
5566,12355798.0
5567,1.0
5568,78874843.0
5569,12000000.0
5570,35485608.0
5571,56070433.0
5572,1.0
5573,222231186.0
5574,1.0
5575,102000000.0
5576,117719158.0
5577,65663276.0
5578,1.0
5579,40855419.0
5580,1750211.0
5581,87987055.0
5582,68572378.0
5583,12036149.0
5584,20079850.0
5585,194647323.0
5586,58510.0
5587,10000000.0
5588,112462508.0
5589,105178561.0
5590,1.0
5591,1.0
5592,13835130.0
5593,11122090.0
5594,8135031.0
5595,213954274.0
5596,268426634.0
5597,1.0
5598,1969193.0
5599,21722776.0
5600,1.0
5601,110879513.0
5602,124914842.0
5603,1.0
5604,6000000.0
5605,14828081.0
5606,75450437.0
5607,73276047.0
5608,102000000.0
5609,1.0
5610,133432856.0
5611,21126225.0
5612,1028570889.0
5613,103911669.0
5614,52882018.0
5615,50671850.0
5616,1.0
5617,128388320.0
5618,183316455.0
5619,10736401.0
5620,150277.0
5621,82466670.0
5622,1.0
5623,227799884.0
5624,435000000.0
5625,1.0
5626,1.0
5627,21126225.0
5628,24902723.0
5629,230884728.0
5630,1.0
5631,50451307.0
5632,88923251.0
5633,21706101.0
5634,1.0
5635,224511319.0
5636,1.0
5637,1.0
5638,151161491.0
5639,1.0
5640,1.0
5641,95714875.0
5642,8349430.0
5643,1.0
5644,709709780.0
5645,31670620.0
5646,1.0
5647,10000000.0
5648,212000000.0
5649,32000.0
5650,90565421.0
5651,34100000.0
5652,205703818.0
5653,288752301.0
5654,224511319.0
5655,77112176.0
5656,374218673.0
5657,1.0
5658,1.0
5659,48126384.0
5660,83719388.0
5661,1.0
5662,142400065.0
5663,3305592.0
5664,1.0
5665,116980662.0
5666,20158808.0
5667,216166.0
5668,1.0
5669,75143.0
5670,102000000.0
5671,16757163.0
5672,5967038.0
5673,2119994.0
5674,3305592.0
5675,44566.0
5676,7306.0
5677,110230332.0
5678,188441614.0
5679,1.0
5680,27092880.0
5681,102000000.0
5682,1.0
5683,201596308.0
5684,10959475.0
5685,1.0
5686,33395426.0
5687,129000000.0
5688,4820000.0
5689,3916303.0
5690,34705850.0
5691,25739015.0
5692,350170057.0
5693,11000000.0
5694,28258060.0
5695,1.0
5696,38748395.0
5697,1.0
5698,7500000.0
5699,486937.0
5700,212385533.0
5701,1.0
5702,16656125.0
5703,67918658.0
5704,1.0
5705,16863583.0
5706,1.0
5707,11560806.0
5708,486937.0
5709,73326666.0
5710,9700000.0
5711,63463.0
5712,29762011.0
5713,14418922.0
5714,1.0
5715,11122090.0
5716,1.0
5717,120207127.0
5718,3193102.0
5719,17432163.0
5720,21026290.0
5721,79700000.0
5722,1.0
5723,30353232.0
5724,1.0
5725,1.0
5726,22034832.0
5727,100086793.0
5728,1.0
5729,94882889.0
5730,14873.0
5731,1.0
5732,1.0
5733,49084830.0
5734,9697739.0
5735,1.0
5736,15502112.0
5737,212000000.0
5738,46216641.0
5739,1.0
5740,310000000.0
5741,280000000.0
5742,2642983.0
5743,19800000.0
5744,1.0
5745,10229331.0
5746,46495.0
5747,500000.0
5748,7266209.0
5749,123384128.0
5750,60700000.0
5751,17137302.0
5752,16209459.0
5753,544272402.0
5754,43455230.0
5755,17800000.0
5756,57588485.0
5757,10364904.0
5758,63463.0
5759,1.0
5760,1.0
5761,1.0
5762,121214377.0
5763,107196498.0
5764,1.0
5765,21032267.0
5766,6673422.0
5767,78054825.0
5768,103166989.0
5769,127600435.0
5770,20455276.0
5771,17654912.0
5772,8247943.0
5773,373552094.0
5774,73762516.0
5775,48878502.0
5776,1.0
5777,162000000.0
5778,3324330.0
5779,117831631.0
5780,1.0
5781,196781193.0
5782,3600000.0
5783,78054825.0
5784,1.0
5785,29907685.0
5786,36869414.0
5787,36754634.0
5788,1.0
5789,108047131.0
5790,113244290.0
5791,68106245.0
5792,7500000.0
5793,1.0
5794,44352417.0
5795,56714147.0
5796,1.0
5797,57096190.0
5798,1.0
5799,161626121.0
5800,72266306.0
5801,49084830.0
5802,1.0
5803,1.0
5804,215283742.0
5805,1.0
5806,1.0
5807,78054825.0
5808,27793200.0
5809,62000000.0
5810,1.0
5811,1.0
5812,2405420.0
5813,224511319.0
5814,1.0
5815,4905000.0
5816,1.0
5817,1.0
5818,1.0
5819,40239.0
5820,1.0
5821,1.0
5822,1.0
5823,19829957.0
5824,23057115.0
5825,1.0
5826,2450846.0
5827,1.0
5828,276572938.0
5829,37962774.0
5830,1440000.0
5831,51881013.0
5832,7847000.0
5833,68729358.0
5834,1.0
5835,1.0
5836,136000000.0
5837,123384128.0
5838,1.0
5839,14051384.0
5840,1.0
5841,6614280.0
5842,56422687.0
5843,1.0
5844,1.0
5845,1.0
5846,1.0
5847,57059003.0
5848,42886719.0
5849,230069.0
5850,16757163.0
5851,55635037.0
5852,1.0
5853,333000000.0
5854,13818181.0
5855,127600435.0
5856,593683.0
5857,585349010.0
5858,1.0
5859,67918658.0
5860,30002758.0
5861,1.0
5862,1.0
5863,44000000.0
5864,238207122.0
5865,60611975.0
5866,10759.0
5867,1.0
5868,29541790.0
5869,6000000.0
5870,2891288.0
5871,68729358.0
5872,161025640.0
5873,1.0
5874,1.0
5875,23619609.0
5876,38505009.0
5877,9318.0
5878,141047179.0
5879,71904.0
5880,25480490.0
5881,113374103.0
5882,177238796.0
5883,1.0
5884,17096053.0
5885,1.0
5886,8303261.0
5887,1.0
5888,9077700.0
5889,1.0
5890,389503.0
5891,102000000.0
5892,60722734.0
5893,1.0
5894,165333180.0
5895,103166989.0
5896,346079773.0
5897,43719.0
5898,6375979.0
5899,1600000.0
5900,1.0
5901,1.0
5902,1.0
5903,32155047.0
5904,41954997.0
5905,13395939.0
5906,113374103.0
5907,1.0
5908,30411183.0
5909,1969193.0
5910,1.0
5911,113783.0
5912,1023784195.0
5913,70200000.0
5914,1.0
5915,10013424.0
5916,90426405.0
5917,161626121.0
5918,57120318.0
5919,40846082.0
5920,1.0
5921,57891803.0
5922,4630045.0
5923,11176469.0
5924,216614388.0
5925,374218673.0
5926,1.0
5927,9800000.0
5928,160602194.0
5929,1.0
5930,2119994.0
5931,31327899.0
5932,1.0
5933,45742101.0
5934,593683.0
5935,102000000.0
5936,28921264.0
5937,1.0
5938,1.0
5939,38610009.0
5940,224803475.0
5941,17292381.0
5942,50159144.0
5943,1.0
5944,65497208.0
5945,1.0
5946,1.0
5947,1.0
5948,37279439.0
5949,1.0
5950,102000000.0
5951,10589102.0
5952,21722776.0
5953,102984862.0
5954,7500000.0
5955,105610124.0
5956,28169671.0
5957,50244700.0
5958,9450897.0
5959,87000000.0
5960,1.0
5961,1.0
5962,6000000.0
5963,7563728.0
5964,287553595.0
5965,25480490.0
5966,7500000.0
5967,278731369.0
5968,218613188.0
5969,23450000.0
5970,9069.0
5971,7022209.0
5972,100000000.0
5973,21126225.0
5974,1.0
5975,46488.0
5976,8000000.0
5977,1.0
5978,305875730.0
5979,40266982.0
5980,7103973.0
5981,5129058.0
5982,102000000.0
5983,1.0
5984,67192859.0
5985,102000000.0
5986,1.0
5987,12355798.0
5988,68000000.0
5989,101236.0
5990,264118201.0
5991,1.0
5992,60700000.0
5993,51684798.0
5994,973525.0
5995,17185632.0
5996,49002684.0
5997,36606743.0
5998,352194034.0
5999,193355800.0
6000,589244.0
6001,1.0
6002,500000.0
6003,258022233.0
6004,113783.0
6005,1.0
6006,14873.0
6007,1.0
6008,500000.0
6009,91636986.0
6010,147934180.0
6011,20455276.0
6012,45742101.0
6013,164508066.0
6014,1.0
6015,5255.0
6016,15478800.0
6017,1.0
6018,2387127.0
6019,52604.0
6020,1.0
6021,11176469.0
6022,3600000.0
6023,1.0
6024,13308.0
6025,1.0
6026,102000000.0
6027,846704.0
6028,5989640.0
6029,1.0
6030,227817248.0
6031,41627431.0
6032,1.0
6033,12534961.0
6034,1.0
6035,559852396.0
6036,11100000.0
6037,1.0
6038,1.0
6039,1.0
6040,15400000.0
6041,93820758.0
6042,1.0
6043,74608570.0
6044,1.0
6045,9237470.0
6046,249905.0
6047,1.0
6048,15119639.0
6049,5809330.0
6050,1.0
6051,2040920.0
6052,60845711.0
6053,1.0
6054,2640850.0
6055,1.0
6056,6405245.0
6057,1.0
6058,19265302.0
6059,162000000.0
6060,432274.0
6061,54819301.0
6062,21107746.0
6063,149705852.0
6064,1.0
6065,15119639.0
6066,11838218.0
6067,56666667.0
6068,376597.0
6069,5989640.0
6070,203427584.0
6071,1.0
6072,21107746.0
6073,27200000.0
6074,113783.0
6075,1.0
6076,505000000.0
6077,1.0
6078,15000000.0
6079,346864462.0
6080,1.0
6081,376597.0
6082,340312.0
6083,165478348.0
6084,771499.0
6085,2119994.0
6086,52882018.0
6087,7820688.0
6088,1.0
6089,500000.0
6090,102000000.0
6091,1.0
6092,7100000.0
6093,14980005.0
6094,77920346.0
6095,16980098.0
6096,209696.0
6097,1548955.0
6098,6673422.0
6099,64256513.0
6100,36869414.0
6101,39459427.0
6102,82087155.0
6103,82087155.0
6104,1.0
6105,1.0
6106,1.0
6107,1.0
6108,95714875.0
6109,1.0
6110,105610124.0
6111,8000000.0
6112,1.0
6113,14899417.0
6114,1345903.0
6115,225990978.0
6116,1.0
6117,1.0
6118,254134910.0
6119,179379533.0
6120,68729358.0
6121,255273813.0
6122,335062621.0
6123,10300.0
6124,46488.0
6125,55635037.0
6126,11176469.0
6127,1.0
6128,164508066.0
6129,1.0
6130,1.0
6131,14363400.0
6132,1.0
6133,60641.0
6134,48418160.0
6135,25005257.0
6136,238207122.0
6137,36779296.0
6138,1.0
6139,1084939099.0
6140,1.0
6141,81272766.0
6142,1.0
6143,1.0
6144,1.0
6145,1.0
6146,17768012.0
6147,63215872.0
6148,11300653.0
6149,87528173.0
6150,102000000.0
6151,13865435.0
6152,102000000.0
6153,4905000.0
6154,1.0
6155,346079773.0
6156,11806119.0
6157,1163967.0
6158,95000000.0
6159,19472057.0
6160,7011317.0
6161,10011050.0
6162,22179430.0
6163,1.0
6164,1.0
6165,22896728.0
6166,60427839.0
6167,107559.0
6168,254700832.0
6169,152500343.0
6170,1.0
6171,10000000.0
6172,1.0
6173,22179430.0
6174,83080890.0
6175,10000000.0
6176,1750211.0
6177,152427960.0
6178,1.0
6179,161025640.0
6180,121463226.0
6181,1.0
6182,230685453.0
6183,100523181.0
6184,305875730.0
6185,15179302.0
6186,1.0
6187,253527.0
6188,46152411.0
6189,1.0
6190,116400000.0
6191,1.0
6192,62000000.0
6193,28900000.0
6194,16000000.0
6195,1.0
6196,20079850.0
6197,16000000.0
6198,346079773.0
6199,544272402.0
6200,1.0
6201,6000000.0
6202,170268750.0
6203,102000000.0
6204,1.0
6205,2891288.0
6206,68915888.0
6207,14051384.0
6208,21786738.0
6209,1.0
6210,111731.0
6211,10589102.0
6212,1.0
6213,102000000.0
6214,1.0
6215,1461989.0
6216,35739755.0
6217,1.0
6218,9318.0
6219,16974459.0
6220,5255.0
6221,1.0
6222,1.0
6223,37930465.0
6224,40855419.0
6225,36160375.0
6226,1.0
6227,1.0
6228,6000000.0
6229,1.0
6230,1.0
6231,203427584.0
6232,18124262.0
6233,116643346.0
6234,16605763.0
6235,46201432.0
6236,16491080.0
6237,500000.0
6238,1.0
6239,7266209.0
6240,142851197.0
6241,1.0
6242,1.0
6243,1046166.0
6244,141220678.0
6245,7100000.0
6246,1600000.0
6247,1025491110.0
6248,1.0
6249,1.0
6250,27635305.0
6251,26155781.0
6252,14782676.0
6253,78868508.0
6254,274470394.0
6255,530048.0
6256,21026290.0
6257,44000000.0
6258,1.0
6259,1.0
6260,1.0
6261,17800000.0
6262,37170057.0
6263,33245.0
6264,9700000.0
6265,1.0
6266,1.0
6267,50159144.0
6268,1.0
6269,346079773.0
6270,31720158.0
6271,288500217.0
6272,25345000.0
6273,15000000.0
6274,7103973.0
6275,12308521.0
6276,30658387.0
6277,17768757.0
6278,17096053.0
6279,3721911.0
6280,1.0
6281,2402459.0
6282,78382433.0
6283,35424826.0
6284,262797249.0
6285,6375979.0
6286,1.0
6287,30658387.0
6288,347451894.0
6289,262797249.0
6290,1.0
6291,2405420.0
6292,170877916.0
6293,189015611.0
6294,9318.0
6295,585349010.0
6296,13101672.0
6297,36400360.0
6298,1.0
6299,1.0
6300,9479718.0
6301,40590000.0
6302,1.0
6303,44566.0
6304,22433275.0
6305,86658558.0
6306,101332962.0
6307,3566225.0
6308,1.0
6309,1.0
6310,72417394.0
6311,1.0
6312,1.0
6313,11373501.0
6314,14166853.0
6315,1.0
6316,12000000.0
6317,152368585.0
6318,24362772.0
6319,12000000.0
6320,1.0
6321,161626121.0
6322,11715321.0
6323,18803648.0
6324,1.0
6325,110000000.0
6326,17986781.0
6327,48027970.0
6328,41954997.0
6329,6000000.0
6330,9318.0
6331,17300889.0
6332,1600000.0
6333,143451.0
6334,1.0
6335,27122040.0
6336,44349000.0
6337,54819301.0
6338,185898.0
6339,1.0
6340,58510.0
6341,25000.0
6342,1.0
6343,5887457.0
6344,23057115.0
6345,1.0
6346,89456761.0
6347,82087155.0
6348,1.0
6349,40846082.0
6350,1.0
6351,161025640.0
6352,140795793.0
6353,1.0
6354,1.0
6355,1.0
6356,1.0
6357,82719885.0
6358,23859.0
6359,1.0
6360,1.0
6361,55987321.0
6362,1.0
6363,1.0
6364,1.0
6365,162000000.0
6366,1.0
6367,30553394.0
6368,61548707.0
6369,1.0
6370,113493481.0
6371,453079.0
6372,31327899.0
6373,9800000.0
6374,3148182.0
6375,162360636.0
6376,19010585.0
6377,779820.0
6378,4800080.0
6379,473226958.0
6380,1020921.0
6381,102000000.0
6382,68369434.0
6383,34560577.0
6384,312242626.0
6385,1.0
6386,655011224.0
6387,1749457.0
6388,1.0
6389,1.0
6390,114194847.0
6391,1.0
6392,77516304.0
6393,202466756.0
6394,250200000.0
6395,1.0
6396,416498.0
6397,1.0
6398,1.0
6399,1.0
6400,8690429.0
6401,1.0
6402,1.0
6403,1.0
6404,100523181.0
6405,1.0
6406,6000000.0
6407,52882018.0
6408,12000000.0
6409,211952420.0
6410,22159216.0
6411,589244.0
6412,22000000.0
6413,30536013.0
6414,77628265.0
6415,1.0
6416,486937.0
6417,355237933.0
6418,68369434.0
6419,23367586.0
6420,18928871.0
6421,6754898.0
6422,1.0
6423,1.0
6424,73244881.0
6425,157100845.0
6426,2033165.0
6427,1.0
6428,9700000.0
6429,17280326.0
6430,15556340.0
6431,161025640.0
6432,75450437.0
6433,8220215.0
6434,1759252.0
6435,12000000.0
6436,54819301.0
6437,1.0
6438,110996879.0
6439,10364904.0
6440,14782676.0
6441,14016568.0
6442,60722734.0
6443,1258000.0
6444,1.0
6445,102000000.0
6446,250200000.0
6447,1.0
6448,1.0
6449,11122090.0
6450,754249.0
6451,22179430.0
6452,37279439.0
6453,116980662.0
6454,15427192.0
6455,51416464.0
6456,1.0
6457,95000000.0
6458,1.0
6459,1.0
6460,163403799.0
6461,102984862.0
6462,102000000.0
6463,1.0
6464,1.0
6465,1.0
6466,10016934.0
6467,11276.0
6468,1.0
6469,10364904.0
6470,25000.0
6471,8000000.0
6472,3221568.0
6473,83557872.0
6474,1.0
6475,1.0
6476,177238796.0
6477,6916869.0
6478,1702394.0
6479,333011068.0
6480,119772232.0
6481,165615285.0
6482,4900000.0
6483,1.0
6484,39459427.0
6485,24719215.0
6486,1.0
6487,151161491.0
6488,18253415.0
6489,1.0
6490,1.0
6491,26144.0
6492,10000000.0
6493,16324573.0
6494,10166502.0
6495,4905000.0
6496,238207122.0
6497,68514844.0
6498,207283925.0
6499,119500000.0
6500,1.0
6501,1.0
6502,20915465.0
6503,52882018.0
6504,9700000.0
6505,32556119.0
6506,1.0
6507,1.0
6508,105610124.0
6509,1.0
6510,15369573.0
6511,819939.0
6512,1.0
6513,38862717.0
6514,1.0
6515,105178561.0
6516,8026971.0
6517,1.0
6518,1.0
6519,135000000.0
6520,1.0
6521,431971116.0
6522,72527595.0
6523,150000000.0
6524,10442808.0
6525,34967437.0
6526,415440673.0
6527,10013424.0
6528,1044824.0
6529,1.0
6530,93375151.0
6531,1.0
6532,1.0
6533,1.0
6534,435000000.0
6535,14418922.0
6536,25196249.0
6537,38955598.0
6538,92991835.0
6539,224511319.0
6540,244527583.0
6541,55495563.0
6542,1702394.0
6543,1750211.0
6544,2627209.0
6545,68000000.0
6546,137298489.0
6547,500000.0
6548,34533783.0
6549,147934180.0
6550,30658387.0
6551,161451538.0
6552,23057115.0
6553,1.0
6554,31327899.0
6555,1.0
6556,99965753.0
6557,1.0
6558,28258060.0
6559,62000000.0
6560,220021259.0
6561,1.0
6562,31670620.0
6563,9700000.0
6564,25196249.0
6565,254700832.0
6566,15427192.0
6567,1.0
6568,11000000.0
6569,56825.0
6570,88058786.0
6571,1461989.0
6572,1.0
6573,8750000.0
6574,12355798.0
6575,4588176.0
6576,72778712.0
6577,9318.0
6578,9448082.0
6579,1.0
6580,416498.0
6581,19265302.0
6582,1.0
6583,1.0
6584,3515061.0
6585,30536013.0
6586,14051384.0
6587,1.0
6588,1.0
6589,29657751.0
6590,230685453.0
6591,1530216.0
6592,218613188.0
6593,62022014.0
6594,24145613.0
6595,1.0
6596,408247917.0
6597,1.0
6598,12250.0
6599,7500000.0
6600,1.0
6601,1.0
6602,49554002.0
6603,21800302.0
6604,30658387.0
6605,262797249.0
6606,1179676.0
6607,68696770.0
6608,1.0
6609,43719.0
6610,1.0
6611,500000.0
6612,95311434.0
6613,97594140.0
6614,585349010.0
6615,1.0
6616,164433867.0
6617,36160375.0
6618,17432163.0
6619,296557.0
6620,10018.0
6621,1072602.0
6622,42277365.0
6623,159330280.0
6624,288500217.0
6625,28169671.0
6626,1.0
6627,10016934.0
6628,1.0
6629,5206.0
6630,1.0
6631,1.0
6632,1.0
6633,40084041.0
6634,40105542.0
6635,1.0
6636,119940815.0
6637,117270765.0
6638,1.0
6639,12000000.0
6640,1.0
6641,631442092.0
6642,56702901.0
6643,1.0
6644,1.0
6645,23057115.0
6646,7993039.0
6647,1.0
6648,62000000.0
6649,1.0
6650,1.0
6651,4152230.0
6652,1449945.0
6653,185438673.0
6654,162000000.0
6655,82703.0
6656,1.0
6657,41480851.0
6658,150277.0
6659,62882090.0
6660,1.0
6661,1.0
6662,70136369.0
6663,773328629.0
6664,376597.0
6665,1.0
6666,36690067.0
6667,100076342.0
6668,1548955.0
6669,1.0
6670,1.0
6671,11000000.0
6672,1.0
6673,27610873.0
6674,102000000.0
6675,46216641.0
6676,1.0
6677,1.0
6678,6000000.0
6679,448000000.0
6680,17096053.0
6681,773328629.0
6682,46474.0
6683,1.0
6684,1.0
6685,1.0
6686,1.0
6687,224511319.0
6688,29000000.0
6689,44030246.0
6690,165333180.0
6691,1.0
6692,102000000.0
6693,87055349.0
6694,15000000.0
6695,11122090.0
6696,16671505.0
6697,6000000.0
6698,9479718.0
6699,373062864.0
6700,363164265.0
6701,39300000.0
6702,13551174.0
6703,200182160.0
6704,1.0
6705,10903846.0
6706,48878502.0
6707,235483004.0
6708,486937.0
6709,1.0
6710,37962774.0
6711,16675000.0
6712,170128460.0
6713,1.0
6714,1.0
6715,1.0
6716,224511319.0
6717,119269486.0
6718,500000.0
6719,1893139.0
6720,1600000.0
6721,346079773.0
6722,10609321.0
6723,352194034.0
6724,43719.0
6725,1.0
6726,140795793.0
6727,1.0
6728,1.0
6729,1072602.0
6730,1749457.0
6731,11100000.0
6732,1.0
6733,1.0
6734,4307000.0
6735,73762516.0
6736,1.0
6737,6147.0
6738,22179430.0
6739,1.0
6740,1.0
6741,249905.0
6742,102000000.0
6743,14051384.0
6744,1.0
6745,1.0
6746,21126225.0
6747,10000000.0
6748,2691899.0
6749,1.0
6750,1.0
6751,19265302.0
6752,149217355.0
6753,11000000.0
6754,28258060.0
6755,1.0
6756,108000000.0
6757,7500000.0
6758,5809330.0
6759,106303988.0
6760,34786960.0
6761,44030246.0
6762,1.0
6763,111731.0
6764,1600000.0
6765,93945766.0
6766,1.0
6767,68572378.0
6768,920100000.0
6769,41158757.0
6770,44703995.0
6771,1.0
6772,1.0
6773,1.0
6774,186883563.0
6775,498814908.0
6776,16000000.0
6777,58978653.0
6778,62022014.0
6779,1.0
6780,22471595.0
6781,1.0
6782,10541523.0
6783,23367586.0
6784,1.0
6785,14010832.0
6786,3600000.0
6787,1.0
6788,1.0
6789,1.0
6790,3301446.0
6791,1831348.0
6792,245623848.0
6793,48814909.0
6794,1.0
6795,1.0
6796,559852396.0
6797,1.0
6798,35763605.0
6799,1.0
6800,182379278.0
6801,29907685.0
6802,1.0
6803,102000000.0
6804,1.0
6805,51000000.0
6806,5206.0
6807,97594140.0
6808,1.0
6809,49084830.0
6810,1.0
6811,19179969.0
6812,1.0
6813,56714147.0
6814,1.0
6815,1.0
6816,1.0
6817,1.0
6818,1.0
6819,57469467.0
6820,108047131.0
6821,16324573.0
6822,20275812.0
6823,1.0
6824,142400065.0
6825,156167015.0
6826,40903593.0
6827,1.0
6828,1.0
6829,1.0
6830,1.0
6831,2119994.0
6832,117629.0
6833,42333295.0
6834,1.0
6835,58620973.0
6836,1.0
6837,189015611.0
6838,1.0
6839,30471420.0
6840,11000000.0
6841,453079.0
6842,11176469.0
6843,486937.0
6844,62788218.0
6845,3221568.0
6846,40590000.0
6847,37600000.0
6848,6272403.0
6849,742898.0
6850,41480851.0
6851,130786397.0
6852,1.0
6853,1.0
6854,1461989.0
6855,16002420.0
6856,1.0
6857,8200000.0
6858,6272403.0
6859,62000000.0
6860,114194847.0
6861,23619609.0
6862,16002420.0
6863,347325802.0
6864,18492362.0
6865,10016934.0
6866,207515725.0
6867,17768757.0
6868,1084939099.0
6869,8266343.0
6870,1.0
6871,1914166.0
6872,1.0
6873,28900000.0
6874,49797148.0
6875,1.0
6876,6673422.0
6877,12000000.0
6878,1.0
6879,1.0
6880,11122090.0
6881,87404651.0
6882,14010690.0
6883,85241496.0
6884,1.0
6885,10000000.0
6886,185898.0
6887,46474.0
6888,46201432.0
6889,770706.0
6890,1.0
6891,93617009.0
6892,100853753.0
6893,190320568.0
6894,11301649.0
6895,1.0
6896,1.0
6897,1.0
6898,4069090.0
6899,191125.0
6900,224511319.0
6901,29657751.0
6902,30448000.0
6903,151119219.0
6904,40239.0
6905,46201432.0
6906,242295562.0
6907,82719885.0
6908,10013424.0
6909,1.0
6910,2541554.0
6911,41158757.0
6912,7500000.0
6913,102000000.0
6914,67347013.0
6915,119500000.0
6916,12008642.0
6917,102000000.0
6918,185260553.0
6919,1.0
6920,68696770.0
6921,119269486.0
6922,6000000.0
6923,1.0
6924,1.0
6925,6491240.0
6926,4905000.0
6927,1.0
6928,351583407.0
6929,156822020.0
6930,886686817.0
6931,45742101.0
6932,24078196.0
6933,1.0
6934,102367405.0
6935,1.0
6936,19179969.0
6937,114178613.0
6938,1007962.0
6939,1.0
6940,8247943.0
6941,160638883.0
6942,1.0
6943,1.0
6944,288500217.0
6945,3099314.0
6946,30536013.0
6947,416498.0
6948,1954937.0
6949,413454.0
6950,836297228.0
6951,404785.0
6952,4820000.0
6953,27200000.0
6954,21409028.0
6955,54586584.0
6956,1.0
6957,1.0
6958,10018.0
6959,13308.0
6960,12355798.0
6961,1548955.0
6962,13395939.0
6963,21133087.0
6964,1954937.0
6965,1.0
6966,356830601.0
6967,222231186.0
6968,100523181.0
6969,13674.0
6970,10409377.0
6971,89162162.0
6972,2801508.0
6973,432274.0
6974,12000000.0
6975,1.0
6976,38610009.0
6977,1.0
6978,1.0
6979,18535191.0
6980,19829957.0
6981,1.0
6982,50068310.0
6983,1.0
6984,102000000.0
6985,48668907.0
6986,10442808.0
6987,16000000.0
6988,1.0
6989,60722734.0
6990,694713380.0
6991,1.0
6992,1.0
6993,1.0
6994,1.0
6995,14110589.0
6996,64350171.0
6997,1.0
6998,1.0
6999,139804348.0
7000,1.0
7001,1.0
7002,1.0
7003,1.0
7004,1345903.0
7005,1.0
7006,1.0
7007,1.0
7008,10959475.0
7009,1.0
7010,46201432.0
7011,1.0
7012,1.0
7013,185898.0
7014,3623330.0
7015,315156409.0
7016,102000000.0
7017,10000000.0
7018,1.0
7019,11466088.0
7020,49111202.0
7021,1.0
7022,49797148.0
7023,57588485.0
7024,500000.0
7025,2594000.0
7026,631442092.0
7027,415252786.0
7028,1.0
7029,21786738.0
7030,19179969.0
7031,33000337.0
7032,7847000.0
7033,112892319.0
7034,9237470.0
7035,26144.0
7036,71904.0
7037,1.0
7038,154864401.0
7039,124827316.0
7040,31609243.0
7041,4634062.0
7042,165335153.0
7043,1.0
7044,9697739.0
7045,10076790.0
7046,29541790.0
7047,165333180.0
7048,1.0
7049,129115.0
7050,1.0
7051,1.0
7052,24048000.0
7053,21028755.0
7054,8352885.0
7055,224511319.0
7056,77628265.0
7057,1750211.0
7058,1.0
7059,20566327.0
7060,3221568.0
7061,4159678.0
7062,51973029.0
7063,1.0
7064,788241776.0
7065,52970014.0
7066,1.0
7067,1.0
7068,85306374.0
7069,1.0
7070,102000000.0
7071,91188905.0
7072,1.0
7073,14051384.0
7074,3099314.0
7075,11560806.0
7076,264118201.0
7077,216166.0
7078,68000000.0
7079,1.0
7080,10000000.0
7081,108286421.0
7082,1.0
7083,1.0
7084,6754898.0
7085,770706.0
7086,1.0
7087,14828081.0
7088,30353232.0
7089,18130000.0
7090,4588176.0
7091,1.0
7092,161451538.0
7093,147880543.0
7094,318982.0
7095,1.0
7096,62882090.0
7097,171963386.0
7098,5844868.0
7099,152500343.0
7100,10571408.0
7101,64110728.0
7102,1.0
7103,2227000.0
7104,23057115.0
7105,72417394.0
7106,1461989.0
7107,133000000.0
7108,1.0
7109,64256513.0
7110,1.0
7111,1.0
7112,35424826.0
7113,56714147.0
7114,7500000.0
7115,1.0
7116,1.0
7117,1.0
7118,566736.0
7119,6341684.0
7120,25000.0
7121,13273595.0
7122,10018.0
7123,1.0
7124,331926147.0
7125,26414658.0
7126,330444045.0
7127,92374674.0
7128,1954937.0
7129,6000000.0
7130,9318.0
7131,1.0
7132,1.0
7133,102000000.0
7134,7563728.0
7135,141047179.0
7136,108286421.0
7137,132675402.0
7138,19184015.0
7139,7306.0
7140,330579719.0
7141,1.0
7142,57891803.0
7143,307166834.0
7144,30553394.0
7145,2054941.0
7146,10000000.0
7147,8352885.0
7148,11806119.0
7149,1.0
7150,1.0
7151,10000000.0
7152,46069568.0
7153,1.0
7154,12355798.0
7155,102000000.0
7156,108047131.0
7157,23083334.0
7158,1.0
7159,49084830.0
7160,1.0
7161,28128670.0
7162,470490832.0
7163,615816.0
7164,1.0
7165,44806783.0
7166,3665069.0
7167,1.0
7168,1.0
7169,1.0
7170,1.0
7171,30448000.0
7172,1.0
7173,1.0
7174,1317657.0
7175,43719.0
7176,79666653.0
7177,159773545.0
7178,18253415.0
7179,113006880.0
7180,1.0
7181,1.0
7182,124914842.0
7183,1.0
7184,933959197.0
7185,1.0
7186,109502303.0
7187,76514050.0
7188,15400000.0
7189,4800080.0
7190,639000.0
7191,1.0
7192,443684.0
7193,1.0
7194,13395939.0
7195,1675706.0
7196,49000000.0
7197,453079.0
7198,1.0
7199,1.0
7200,29700000.0
7201,1.0
7202,12000000.0
7203,1.0
7204,36642838.0
7205,77628265.0
7206,155545279.0
7207,544272402.0
7208,1914166.0
7209,4820000.0
7210,16000000.0
7211,1.0
7212,1200000.0
7213,235483004.0
7214,871368364.0
7215,62022014.0
7216,5989640.0
7217,1.0
7218,40239.0
7219,418961.0
7220,58405313.0
7221,9584131.0
7222,1.0
7223,1.0
7224,63463.0
7225,1.0
7226,44703995.0
7227,212000000.0
7228,18130000.0
7229,32204030.0
7230,639000.0
7231,770706.0
7232,102000000.0
7233,318000141.0
7234,631442092.0
7235,78247647.0
7236,788241776.0
7237,26330482.0
7238,1.0
7239,1028570889.0
7240,15400000.0
7241,176070171.0
7242,1.0
7243,60722734.0
7244,1631839.0
7245,112892319.0
7246,3623330.0
7247,146497771.0
7248,105610124.0
7249,1.0
7250,1.0
7251,46201432.0
7252,11100000.0
7253,11947954.0
7254,34562222.0
7255,1.0
7256,1.0
7257,125400.0
7258,7563728.0
7259,426224.0
7260,1.0
7261,378858340.0
7262,1.0
7263,156167015.0
7264,2070806.0
7265,16000000.0
7266,46089287.0
7267,1.0
7268,1.0
7269,16671505.0
7270,48668907.0
7271,10013424.0
7272,16209459.0
7273,9318.0
7274,1.0
7275,593683.0
7276,1.0
7277,107196498.0
7278,75715436.0
7279,189015611.0
7280,285176741.0
7281,8138788.0
7282,1060056.0
7283,162000000.0
7284,1.0
7285,244386864.0
7286,8247943.0
7287,204940.0
7288,1.0
7289,17800000.0
7290,2807854.0
7291,22490039.0
7292,500000.0
7293,6000000.0
7294,2899975.0
7295,97594140.0
7296,1.0
7297,209696.0
7298,85300000.0
7299,1.0
7300,1.0
7301,6754898.0
7302,22000000.0
7303,966214.0
7304,25345000.0
7305,1.0
7306,300257475.0
7307,1.0
7308,1.0
7309,5923044.0
7310,1.0
7311,1.0
7312,162000000.0
7313,39459427.0
7314,10000000.0
7315,10364904.0
7316,1.0
7317,7011317.0
7318,17800000.0
7319,22179430.0
7320,91974818.0
7321,1.0
7322,1.0
7323,8038508.0
7324,6341855.0
7325,119269486.0
7326,161626121.0
7327,1.0
7328,102984862.0
7329,141220678.0
7330,100086793.0
7331,7191399.0
7332,67642693.0
7333,22034832.0
7334,1.0
7335,21133087.0
7336,22000000.0
7337,1.0
7338,36642838.0
7339,41480851.0
7340,1.0
7341,1.0
7342,178051587.0
7343,19010585.0
7344,1.0
7345,1.0
7346,52882018.0
7347,18469680.0
7348,1.0
7349,41819064.0
7350,7820688.0
7351,7237794.0
7352,1.0
7353,1.0
7354,140021.0
7355,163670000.0
7356,91036760.0
7357,27092880.0
7358,30471420.0
7359,77477008.0
7360,153698625.0
7361,1.0
7362,127600435.0
7363,531865000.0
7364,1.0
7365,93282604.0
7366,8352885.0
7367,1.0
7368,1.0
7369,1614266.0
7370,95714875.0
7371,1.0
7372,192330738.0
7373,714766572.0
7374,41158757.0
7375,17374595.0
7376,1.0
7377,30471420.0
7378,12000000.0
7379,60845711.0
7380,1.0
7381,1.0
7382,185898.0
7383,1001437.0
7384,22896728.0
7385,21032267.0
7386,43493123.0
7387,1.0
7388,1.0
7389,9318.0
7390,1.0
7391,1.0
7392,3916303.0
7393,102000000.0
7394,11087569.0
7395,110879513.0
7396,4409328.0
7397,13101672.0
7398,416498.0
